,classification,entity,pdb_code,sequence,uniprot
0,protein,6itm_1,6itm,MGHHHHHHGSTELTPDQQTLLHFIMDSYNKQRMPQEITNKILKEAFSAEENFLILTEMATNHVQVLVEFTKKLPGFQTLDHEDQIALLKGSAVEAMFLRSAEIFNKKLPSGHSDLLEARIRNSGISDEYITPMFSFYKSIGELKMTQEEYALLTAIVILSPDRQYIKDREAVEKLQEPLLDVLQKLCKIHQPENPQHFACLLGRLTELRTFNHHHAEMLMSWRVNDHKFTPLLCEIWDVQ,
1,large peptide,6itm_2,6itm,KDHQLLRYLLDKDE,
2,protein,6jjx_1,6jjx,GPGSEFELPLPEGWEEARDFDGKVYYIDHRNRTTSWIDPRDRYTKPLTFADCISDELPLGWEEAYDPQVGDYFIDHNTKTTQIEDPRVQWRREQEHMLKDYLVVAQEALSAQKEIYQVKQQRLELAQQEYQQLH,
3,large peptide,6jjx_2,6jjx,GPGSGRTEGQLMRYQHPPEYGAARPA,
4,protein,6jjy_1,6jjy,GPGSEFELPLPEGWEEARDFDGKVYYIDHRNRTTSWIDPRDRYTKPLTFADCISDELPLGWEEAYDPQVGDYFIDHNTKTTQIEDPRVQWRREQEHMLKDYLVVAQEALSAQKEIYQVKQQRLELAQQEYQQLH,
5,large peptide,6jjy_2,6jjy,GPGSRPKNMTPYRSPPPYVPP,
6,protein,6rot_1,6rot,TFGSGEADCGLRPLFEKKSLEDKTERELLESYIDGR,
7,protein,6rot_2,6rot,IVEGSDAEIGMSPWQVMLFRKSPQELLCGASLISDRWVLTAAHCLLYPPWDKNFTENDLLVRIGKHSRTRYERNIEKISMLEKIYIHPRYNWRENLDRDIALMKLKKPVAFSDYIHPVCLPDRETAASLLQAGYKGRVTGWGNLKETWGQPSVLQVVNLPIVERPVCKDSTRIRITDNMFCAGYKPDEGKRGDACEGDSGGPFVMKSPFNNRWYQMGIVSWGEGCDRDGKYGFYTHVFRLKKWIQKVIDQFGE,
8,large peptide,6rot_3,6rot,GDFEEIPEEXLQ,
9,protein,6sk7_1,6sk7,NPVENYIDSVLNEVLVVPNIQPSTSVSSHAAPALDAAETGHTSSVQPEDMIETRYVITDQTRDETSIESFLGRSGCIAMIEFNTSSDKTEHDKIGKGFKTWKVSLQEMAQIRRKYELFTYTRFDSEITIVTAAAAQGNDSGHIVLQFMYVPPGAPVPEKRDDYTWQSGTNASVFWQEGQPYPRFTIPFMSIASAYYMFYDGYDGDSAASKYGSVVTNDMGTICVRIVTSNQKHDSNIVCRIYHKAKHIKAWCPRPPRAVAYQHTHSTNYIPSNGEATTQIKTRPA,
10,protein,6sk7_2,6sk7,SDRLIQITRGDSTITSQDTANAVVAYGVWPSYLTPDDATAIDKPTQPDTSSNRFYTLDSRSWTSASSGWWWKLPDALKNMGIFGENMFYHFLGRSGYTIHVQCNSSKFHQGLLIVAAIPEHQLASAISGNVSVGYNHTHPGEQGREVVPSRTSSDNKRPSDDSWLNFDGTLLGNLPIYPHQYINLRTNNSATLILPYVNAVPMDSMLRHNNWSLVIIPICPLQVQPGGTQSIPITVSISPMFSEFSGPRSKVVA,
11,protein,6sk7_3,6sk7,SPSAFPYFHPTKEIFIPGQVRNLIEMCQVDTLIPVNNTQENVRSVNMYTVDLRTQVDLAKEVFSIPVDIASQPLATTLIGELASYYTHWTGSLRFSFMFCGSASSTLKLLIAYTPPGVGKPKSRREAMLGTHLVWDVGLQSTASLVVPWVSASHFRFTTPDTYSSAGYITCWYQTNFVVPDSTPDNAKMVCMVSACKDFCLRLARDTNLHTQEG,
12,large peptide,6sk7_4,6sk7,NINYFKDAASSGASRLD,
13,protein,6sli_1,6sli,CELDRDPEGKDFQQPYTSFVQTKQNRDGLYALLRNTENPRMHFYQELQSDMYCTTITDGNSLAPFVNWDLGILNDHGRADEDEVSGIAGYYFVYNRLNQQANAFVNNTEAALQNQVYKNSTEIANAKSFLAEGKVLQALAIWRLMDRFSFHESVTEVNSGAKDLGVILLKEYNPGYIGPRATKAQCYDYILSRLSEAIEVLPENRESVLYVSRDYAYALRARIYLALGEYGKAAADAKMVVDKYPLIGAADASEFENIYRSDANNPEIIFRGFASATLGSFTATTLNGAAPAGKDIKYNPSAVPFQWVVDLYENEDFRKSVYIAKVVKKDKGYLVNKFLEDKAYRDVQDKPNLKVGARYFSVAEVYLILVESALQTGDTPTAEKYLKALSKARGAEVSVVNMEALQAERTRELIGEGSRLRDMVRWSIPNNHDAFETQPGLEGFANTTPLKAQAPVGFYAYTWEFPQRDRQTNPQLIKNWPIHHHHHH,
14,protein,6sli_2,6sli,QNRTVKGTVISSEDNEPLIGANVVVVGNTTIGAATDLDGNFTLSVPANAKMLRVSYSGMTTKEVAIANVMKIVLDPDSKVLEQVVVLGYGTGQKLSTVSGSVAKVSSEKLAEKPVANIMDALQGQVAGMQVMTTSGDPTAVASVEIHGTGSLGASSAPLYIVDGMQTSLDVVATMNPNDFESMSVLKDASATSIYGARAANGVVFIQTKKGKMSERGRITFNASYGISQILNTKPLDNMMTGDELLDFQVKAGFWGNNQTVQKVKDMILAGAEDLYGNYDSLKDEYGKTLFPVDFNHDADWLKALFKTAPTSQGDISFSGGSQGTSYYASIGYFDQEGMAREPANFKRYSGRLNFESRINEWLKVGANLSGAIANRRSADYFGKYYMGSGTFGVLTMPRYYNPFDVNGDLADVYYMYGATRPSMTEPYFAKMRPFSSESHQANVNGFAQITPIKGLTLKAQAGVDITNTRTSSKRMPNNPYDSTPLGERRERAYRDVSKSFTNTAEYKFSIDEKHDLTALMGHEYIEYEGDVIGASSKGFESDKLMLLSQGKTGNSLSLPEHRVAEYAYLSFFSRFNYGFDKWMYIDFSVRNDQSSRFGSNNRSAWFYSVGGMFDIYNKFIQESNWLSDLRLKMSYGTTGNSEIGNYNHQALVTVNNYTEDAMGLSISTAGNPDLSWEKQSQFNFGLAAGAFNNRLSAEVDFYVRTTNDMLIDVPMPYISGFFSQYQNVGSMKNTGVDLSLKGTIYQNKDWNVYASANFNYNRQEITKLFFGLNKYMLPNTGTIWEIGYPNSFYMAEYAGIDKKTGKQLWYVPGQVDADGNKVTTSQYSADLETRIDKSVTPPITGGFSLGASWKGLSLDADFAYIVGKWMINNDRYFTENGGGLMQLNKDKMLLNAWTEDNKETDVPKLGQSPQFDTHLLENASFLRLKNLKLTYVLPNSLFAGQNVIGGARVYLMARNLLTVTKYKGFDPEAGGNVGKNQYPNSKQYVAGIQLSF,
15,large peptide,6sli_3,6sli,ASTTGGNSQRGSG,
16,large peptide,6sli_4,6sli,ASTTGGNSQRGGG,
17,protein,6slj_1,6slj,QNRTVKGTVISSEDNEPLIGANVVVVGNTTIGAATDLDGNFTLSVPANAKMLRVSYSGMTTKEVAIANVMKIVLDPDSKVLEQVVVLGYGTGQKLSTVSGSVAKVSSEKLAEKPVANIMDALQGQVAGMQVMTTSGDPTAVASVEIHGTGSLGASSAPLYIVDGMQTSLDVVATMNPNDFESMSVLKDASATSIYGARAANGVVFIQTKKGKMSERGRITFNASYGISQILNTKPLDNMMTGDELLDFQVKAGFWGNNQTVQKVKDMILAGAEDLYGNYDSLKDEYGKTLFPVDFNHDADWLKALFKTAPTSQGDISFSGGSQGTSYYASIGYFDQEGMAREPANFKRYSGRLNFESRINEWLKVGANLSGAIANRRSADYFGKYYMGSGTFGVLTMPRYYNPFDVNGDLADVYYMYGATRPSMTEPYFAKMRPFSSESHQANVNGFAQITPIKGLTLKAQAGVDITNTRTSSKRMPNNPYDSTPLGERRERAYRDVSKSFTNTAEYKFSIDEKHDLTALMGHEYIEYEGDVIGASSKGFESDKLMLLSQGKTGNSLSLPEHRVAEYAYLSFFSRFNYGFDKWMYIDFSVRNDQSSRFGSNNRSAWFYSVGGMFDIYNKFIQESNWLSDLRLKMSYGTTGNSEIGNYNHQALVTVNNYTEDAMGLSISTAGNPDLSWEKQSQFNFGLAAGAFNNRLSAEVDFYVRTTNDMLIDVPMPYISGFFSQYQNVGSMKNTGVDLSLKGTIYQNKDWNVYASANFNYNRQEITKLFFGLNKYMLPNTGTIWEIGYPNSFYMAEYAGIDKKTGKQLWYVPGQVDADGNKVTTSQYSADLETRIDKSVTPPITGGFSLGASWKGLSLDADFAYIVGKWMINNDRYFTENGGGLMQLNKDKMLLNAWTEDNKETDVPKLGQSPQFDTHLLENASFLRLKNLKLTYVLPNSLFAGQNVIGGARVYLMARNLLTVTKYKGFDPEAGGNVGKNQYPNSKQYVAGIQLSF,
18,protein,6slj_2,6slj,CELDRDPEGKDFQQPYTSFVQTKQNRDGLYALLRNTENPRMHFYQELQSDMYCTTITDGNSLAPFVNWDLGILNDHGRADEDEVSGIAGYYFVYNRLNQQANAFVNNTEAALQNQVYKNSTEIANAKSFLAEGKVLQALAIWRLMDRFSFHESVTEVNSGAKDLGVILLKEYNPGYIGPRATKAQCYDYILSRLSEAIEVLPENRESVLYVSRDYAYALRARIYLALGEYGKAAADAKMVVDKYPLIGAADASEFENIYRSDANNPEIIFRGFASATLGSFTATTLNGAAPAGKDIKYNPSAVPFQWVVDLYENEDFRKSVYIAKVVKKDKGYLVNKFLEDKAYRDVQDKPNLKVGARYFSVAEVYLILVESALQTGDTPTAEKYLKALSKARGAEVSVVNMEALQAERTRELIGEGSRLRDMVRWSIPNNHDAFETQPGLEGFANTTPLKAQAPVGFYAYTWEFPQRDRQTNPQLIKNWPIHHHHHH,
19,large peptide,6slj_3,6slj,ASTTGANSQRGSG,
20,small peptide,6slj_4,6slj,ASTTGANSQR,
21,protein,6sln_1,6sln,QNRTVKGTVISSEDNEPLIGANVVVVGNTTIGAATDLDGNFTLSVPANAKMLRVSYSGMTTKEVAIANVMKIVLDPDSKVLEQVVVLGYGTGQKLSTVSGSVAKVSSEKLAEKPVANIMDALQGQVAGMQVMTTSGDPTAVASVEIHGTGSLGASSAPLYIVDGMQTSLDVVATMNPNDFESMSVLKDASATSIYGARAANGVVFIQTKKGKMSERGRITFNASYGISQILNTKPLDNMMTGDELLDFQVKAGFWGNNQTVQKVKDMILAGAEDLYGNYDSLKDEYGKTLFPVDFNHDADWLKALFKTAPTSQGDISFSGGSQGTSYYASIGYFDQEGMAREPANFKRYSGRLNFESRINEWLKVGANLSGAIANRRSADYFGKYYMGSGTFGVLTMPRYYNPFDVNGDLADVYYMYGATRPSMTEPYFAKMRPFSSESHQANVNGFAQITPIKGLTLKAQAGVDITNTRTSSKRMPNNPYDSTPLGERRERAYRDVSKSFTNTAEYKFSIDEKHDLTALMGHEYIEYEGDVIGASSKGFESDKLMLLSQGKTGNSLSLPEHRVAEYAYLSFFSRFNYGFDKWMYIDFSVRNDQSSRFGSNNRSAWFYSVGGMFDIYNKFIQESNWLSDLRLKMSYGTTGNSEIGNYNHQALVTVNNYTEDAMGLSISTAGNPDLSWEKQSQFNFGLAAGAFNNRLSAEVDFYVRTTNDMLIDVPMPYISGFFSQYQNVGSMKNTGVDLSLKGTIYQNKDWNVYASANFNYNRQEITKLFFGLNKYMLPNTGTIWEIGYPNSFYMAEYAGIDKKTGKQLWYVPGQVDADGNKVTTSQYSADLETRIDKSVTPPITGGFSLGASWKGLSLDADFAYIVGKWMINNDRYFTENGGGLMQLNKDKMLLNAWTEDNKETDVPKLGQSPQFDTHLLENASFLRLKNLKLTYVLPNSLFAGQNVIGGARVYLMARNLLTVTKYKGFDPEAGGNVGKNQYPNSKQYVAGIQLSF,
22,protein,6sln_2,6sln,CELDRDPEGKDFQQPYTSFVQTKQNRDGLYALLRNTENPRMHFYQELQSDMYCTTITDGNSLAPFVNWDLGILNDHGRADEDEVSGIAGYYFVYNRLNQQANAFVNNTEAALQNQVYKNSTEIANAKSFLAEGKVLQALAIWRLMDRFSFHESVTEVNSGAKDLGVILLKEYNPGYIGPRATKAQCYDYILSRLSEAIEVLPENRESVLYVSRDYAYALRARIYLALGEYGKAAADAKMVVDKYPLIGAADASEFENIYRSDANNPEIIFRGFASATLGSFTATTLNGAAPAGKDIKYNPSAVPFQWVVDLYENEDFRKSVYIAKVVKKDKGYLVNKFLEDKAYRDVQDKPNLKVGARYFSVAEVYLILVESALQTGDTPTAEKYLKALSKARGAEVSVVNMEALQAERTRELIGEGSRLRDMVRWSIPNNHDAFETQPGLEGFANTTPLKAQAPVGFYAYTWEFPQRDRQTNPQLIKNWPIHHHHHH,
23,large peptide,6sln_3,6sln,QTAGANSQRGSAG,
24,protein,6u2f_1,6u2f,MGTVSSRRSWWPLPLLLLLLLLLGPAGARAQEDEDGDYEELVLALRSEEDGLAEAPEHGTTATFHRCAKDPWRLPGTYVVVLKEETHLSQSERTARRLQAQAARRGYLTKILHVFHGLLPGFLVKMSGDLLELALKLPHVDYIEEDSSVFAQSIPWNLERITPPRYRADEYQPPDGGSLVEVYLLDTSIQSDHREIEGRVMVTDFENVPEEDGTRFHRQASKCDSHGTHLAGVVSGRDAGVAKGASMRSLRVLNCQGKGTVSGTLIGLEFIRKSQLVQPVGPLVVLLPLAGGYSRVLNAACQRLARAGVVLVTAAGNFRDDACLYSPASAPEVITVGATNAQDQPVTLGTLGTNFGRCVDLFAPGEDIIGASSDCSTCFVSQSGTSQAAAHVAGIAAMMLSAEPELTLAELRQRLIHFSAKDVINEAWFPEDQRVLTPNLVAALPPSTHGAGWQLFCRTVWSAHSGPTRMATAIARCAPDEELLSCSSFSRSGKRRGERMEAQGGKLVCRAHNAFGGEGVYAIARCCLLPQANCSVHTAPPAEASMGTRVHCHQQGHVLTGCSSHWEVEDLGTHKPPVLRPRGQPNQCVGHREASIHASCCHAPGLECKVKEHGIPAPQEQVTVACEEGWTLTGCSALPGTSHVLGAYAVDNTCVVRSREVSTTGSTSEGAVTAVAICCRSRHLAQASQELQHHHHHHHH,
25,large peptide,6u2f_2,6u2f,XWNLKXIGLLR,
26,protein,6u2f_3,6u2f,QVQLKQSGAELVRPGASVKLSCKASGYIFTDYYINWLKKRPGQGLEWIARIYPGSGHTYYNENFKDKATLTAEKSSSNVYMQLSSLTSEDSAVYFCARENFYGSSYVDWYFDVWGTGTTVTVSSAKTTPPSVYPLAPGCGDTTGSSVTLGCLVKGYFPESVTVTWNSGSLSSSVHTFPALLQSGLYTMSSSVTVPSSTWPSQTVTCSVAHPASSTTVDKKLEP,
27,protein,6u2f_4,6u2f,DIVMTQSQKFMSTSGGDRVSITCKTSQNVGTAVAWFQQKPGQSPKLLIYSASNRYTGVSDRFTGSGSGTEFIFTISYAQSEDLADYFCHQYSSYPLTFGAGTKLELKRADAAPTVSIFPPSSEQLTSGGASVVCFLNNFYPKDINVKWKIDGSERQNGVLNSWTDQDSKDSTYSMSSTLTLTKDEYERHNSYTCEATHKTSTSPIVKSFNRNEC,
