,classification,coverage,entity,pdb_code,sequence,templates,uniprot
0,protein,contiguous,6hna_1,6hna,MAHHHHHHVDDDDKDLFNKNKKLDADLLKTLDNLLKTLDNNQKQALIYFKDKLQDKKYLNDLMEQQKSFLDNLQKKKEDPDLQDRLKKTLNSEYDESQFNKLLNELGNAKAKQFLQQLHIMLQSIKDGTLTSFSSSNFNDLQNLEQKKERALQYINGKLYVEYYFYINGISNADNFFETIMEYLKT,27,
1,protein,bad,6hna_2,6hna,AGIQNDSTGKCGPPPPIDNGDITSFPLSVYAPASSVEYQCQNLYQLEGNKRITCRNGQWSEPPKCLHPCVISREIMENYNIALRWTAKQKLYSRTGESVEFVCKRGYRLSSRSHTLRTTCWDGKLEYPTCAKR,25,
2,protein,complete,6iks_1,6iks,VLSPADKTNVKAAWGKVGAHAGEYGAEALERMFLSFPTTKTYFPHFDLSHGSAQVKGHGKKVADALTNAVAHVDDMPNALSALSDLHAHKLRVDPVNFKLLSHCLLVTLAAHLPAEFTPAVHASLDKFLASVSTVLTSKYR,292,
3,protein,complete,6iks_2,6iks,VHLTPEEKSAVTALWGKVNVDEVGGEALGRLLVVYPWTQRFFESFGDLSTPDAVMGNPKVKAHGKKVLGAFSDGLAHLDNLKGTFATLSELHCDKLHVDPENFRLLGNVLVCVLAHHFGKEFTPPVQAAYQKVVAGVANALAHKYH,304,
4,protein,complete,6ikv_1,6ikv,VLSPADKTNVKAAWGKVGAHAGEYGAEALERMFLSFPTTKTYFPHFDLSHGSAQVKGHGKKVADALTNAVAHVDDMPNALSALSDLHAHKLRVDPVNFKLLSHCLLVTLAAHLPAEFTPAVHASLDKFLASVSTVLTSKYR,292,
5,protein,complete,6ikv_2,6ikv,VHLTPEEKSAVTALWGKVNVDEVGGEALGRLLVVYPWTQRFFESFGDLSTPDAVMGNPKVKAHGKKVLGAFSDGLAHLDNLKGTFATLSELHCDKLHVDPENFRLLGNVLVCVLAHHFGKEFTPPVQAAYQKVVAGVANALAHKYH,304,
6,protein,complete,6il5_1,6il5,VLSPADKTNVKAAWGKVGAHAGEYGAEALERMFLSFPTTKTYFPHFDLSHGSAQVKGHGKKVADALTNAVAHVDDMPNALSALSDLHAHKLRVDPVNFKLLSHCLLVTLAAHLPAEFTPAVHASLDKFLASVSTVLTSKYR,292,
7,protein,complete,6il5_2,6il5,VHLTPEEKSAVTALWGKVNVDEVGGEALGRLLVVYPWTQRFFESFGDLSTPDAVMGNPKVKAHGKKVLGAFSDGLAHLDNLKGTFATLSELHCDKLHVDPENFRLLGNVLVCVLAHHFGKEFTPPVQAAYQKVVAGVANALAHKYH,304,
8,protein,complete,6kdh_1,6kdh,DVLMTQTPLSLPVSLGDQASISCRSSQNIVHSXGYTYLEWYLQKPGQSPKLLIYTVSNRFSGVPDRFSGSGSGTDFTLKISRVEAEDLGVYYCFRGSHVPTFGGGTKLEIKRADAAPTVSIFPPSSEQLTSGGASVVCFLNNFYPKDINVKWKIDGSERQNGVLNSWTDQDSKDSTYSMSSTLTLTKDEYERHNSYTCEATHKTSTSPIVKSFNRNEC,2678,
9,protein,complete,6kdh_2,6kdh,EVQLQQSGTVLARPGASVKMSCKASGYTFTNYWMHWIKQRPGQGLEWIGTIYPGNSDTTYSQKFKGKAKLTAVTSTSTAYMELSSLTNEDSAVYYCSRRNYGSSYAMDYWGQGTSVTVSSAKTTPPSVYPLAPGSAAQTNSMVTLGCLVKGYFPEPVTVTWNSGSLSSGVHTFPAVLQSDLYTLSSSVTVPSSTWPSETVTCNVAHPASSTKVDKKIVPRD,2969,
10,protein,complete,6kdi_1,6kdi,DVLMTQTPLSLPVSLGDQASISCRSSQNIVHSXGYTYLEWYLQKPGQSPKLLIYTVSNRFSGVPDRFSGSGSGTDFTLKISRVEAEDLGVYYCFRGSHVPTFGGGTKLEIKRADAAPTVSIFPPSSEQLTSGGASVVCFLNNFYPKDINVKWKIDGSERQNGVLNSWTDQDSKDSTYSMSSTLTLTKDEYERHNSYTCEATHKTSTSPIVKSFNRNEC,2678,
11,protein,complete,6kdi_2,6kdi,EVQLQQSGTVLARPGASVKMSCKASGYTFTNYWMHWIKQRPGQGLEWIGTIYPGNSDTTYSQKFKGKAKLTAVTSTSTAYMELSSLTNEDSAVYYCSRRNYGSSYAMDYWGQGTSVTVSSAKTTPPSVYPLAPGSAAQTNSMVTLGCLVKGYFPEPVTVTWNSGSLSSGVHTFPAVLQSDLYTLSSSVTVPSSTWPSETVTCNVAHPASSTKVDKKIVPRD,2969,
12,cofactor,?,6kdi_3,6kdi,XX,0,
13,protein,contiguous,6ke7_1,6ke7,MAQSMYPNEPIVVVGSGCRFPGDANTPSKLWELLQHPRDVQSRIPKERFDVDTFYHPDGKHHGRTNAPYAYVLQDDLGAFDAAFFNIQAGEAESMDPQHRLLLETVYEAVTNAGMRIQDLQGTSTAVYVGVMTHDYETVSTRDLESIPTYSATGVAVSVASNRISYFFDWHGPSMTIDTACSSSLVAVHLAVQQLRTGQSSMAIAAGANLILGPMTFVLESKLSMLSPSGRSRMWDAGADGYARGEAVCSVVLKTLSQALRDGDTIECVIRETGVNQDGRTTGITMPNHSAQEALIKATYAQAGLDITKAEDRCQFFEAHGTGTPAGDPQEAEAIATAFFGHEQVARSDGNERAPLFVGSAKTVVGHTEGTAGLAGLMKASFAVRHGVIPPNLLFDKISPRVAPFYKNLRIPTEATQWPALPPGQPRRASVNSFGFGGTNAHAIIEEYMEPEQNQLRVSNNEDCPPMTGVLSLPLVLSAKSQRSLKIMMEEMLQFLQSHPEIHLHDLTWSLLRKRSVLPFRRAIVGHSHETIRRALEDAIEDGIVSSDFTTEVRGQPSVLGIFTGQGAQWPGMLKNLIEASPYVRNIVRELDDSLQSLPEKYRPSWTLLDQFMLEGEASNVQYATFSQPLCCAVQIVLVRLLEAARIRFTAVVGHSSGEIACAFAAGLISASLAIRIAYLRGVVSAGGARGTPGAMLAAGMSFEEAQEICELDAFEGRICVAASNSPDSVTFSGDANAIDHLKGMLEDESTFARLLKVDTAYHSHHMLPCADPYMQALEECGCAVADAGSPAGSVPWYSSVDAENRQMAARDVTAKYWKDNLVSPVLFSHAVQRAVVTHKALDIGIEVGCHPALKSPCVATIKDVLSGVDLAYTGCLERGKNDLDSFSRALAYLWERFGASSFDADEFMRAVAPDRPCMSVSKLLPAYPWDRSRRYWVESRATRHHLRGPKPHLLLGKLSEYSTPLSFQWLNFVRPRDIEWLDGHALQGQTVFPAAGYIVMAMEAALMIAGTHAKQVKLLEILDMSIDKAVIFDDEDSLVELNLTADVSRNAGEAGSMTISFKIDSCLSKEGNLSLSAKGQLALTIEDVNPRTTSASDQHHLPPPEEEHPHMNRVNINAFYHELGLMGYNYSKDFRRLHNMQRADLRASGTLDFIPLMDEGNGCPLLLHPASLDVAFQTVIGAYSSPGDRRLRCLYVPTHVDRITLVPSLCLATAESGCEKVAFNTINTYDKGDYLSGDIVVFDAEQTTLFQVENITFKPFSPPDASTDHAMFARWSWGPLTPDSLLDNPEYWATAQDKEAIPIIERIVYFYIRSFLSQLTLEERQQAAFHLQKQIEWLEQVLASAKEGRHLWYDPGWENDTEAQIEHLCTANSYHPHVRLVQRVGQHLLPTVRSNGNPFDLLDHDGLLTEFYTNTLSFGPALHYARELVAQIAHRYQSMDILEIGAGTGGATKYVLATPQLGFNSYTYTDISTGFFEQAREQFAPFEDRMVFEPLDIRRSPAEQGFEPHAYDLIIASNVLHATPDLEKTMAHARSLLKPGGQMVILEITHKEHTRLGFIFGLFADWWAGVDDGRCTEPFVSFDRWDAILKRVGFSGVDSRTTDRDANLFPTSVFSTHAIDATVEYLDAPLASSGTVKDSYPPLVVVGGQTPQSQRLLNDIKAIMPPRPLQTYKRLVDLLDAEELPMKSTFVMLTELDEELFAGLTEETFEATKLLLTYASNTVWLTENAWVQHPHQASTIGMLRSIRREHPDLGVHVLDVDAVETFDATFLVEQVLRLEEHTDELASSTTWTQEPEVSWCKGRPWIPRLKRDLARNNRMNSSRRPIYEMIDSSRAPVALQTARDSSSYFLESAETWFVPESVQQMETKTIYVHFSCPHALRVGQLGFFYLVQGHVQEGNREVPVVALAERNASIVHVRPDYIYTEADNNLSEGGGSLMVTVLAAAVLAETVISTAKCLGVTDSILVLNPPSICGQMLLHAGEEIGLQVHLATTSGNRSSVSAGDAKSWLTLHARDTDWHLRRVLPRGVQALVDLSADQSCEGLTQRMMKVLMPGCAHYRAADLFTDTVSTELHSGSRHQASLPAAYWEHVVSLARQGLPSVSEGWEVMPCTQFAAHADKTRPDLSTVISWPRESDEATLPTRVRSIDAETLFAADKTYLLVGLTGDLGRSLGRWMVQHGACHIVLTSRNPQVNPKWLAHVEELGGRVTVLSMDVTSQNSVEAGLAKLKDLHLPPVGGIAFGPLVLQDVMLNNMELPMMEMVLNPKVEGVRILHEKFSDPTSSNPLDFFVMFSSIVAVMGNPGQANYSAANCYLQALAQQRVASGLAASTIDIGAVYGVGFVTRAELEEDFNAIRFMFDSVEEHELHTLFAEAVVAGRRAVHQQEQQRKFATVLDMADLELTTGIPPLDPALKDRITFFDDPRIGNLKIPEYRGAKAGEGAAGSKGSVKEQLLQATNLDQVRQIVIDGLSAKLQVTLQIPDGESVHPTIPLIDQGVDSLGAVTVGTWFSKQLYLDLPLLKVLGGASITDLANEAAARLPPSSIPLVAATDGGAESTDNTSENEVSGREDTDLSAAATITEPSSADEDDTEPGDEDVPRSHHPLSLGQEYSWRIQQGAEDPTVFNNTIGMFMKGSIDLKRLYKALRAVLRRHEIFRTGFANVDENGMAQLVFGQTKNKVQTIQVSDRAGAEEGYRQLVQTRYNPAAGDTLRLVDFFWGQDDHLLVVAYHRLVGDGSTTENIFVEAGQLYDGTSLSPHVPQFADLAARQRAMLEDGRMEEDLAYWKKMHYRPSSIPVLPLMRPLVGNSSRSDTPNFQHCGPWQQHEAVARLDPMVAFRIKERSRKHKATPMQFYLAAYQVLLARLTDSTDLTVGLADTNRATVDEMAAMGFFANLLPLRFRDFRPHITFGEHLIATRDLVREALQHARVPYGVLLDQLGLEVPVPTSNQPAPLFQAVFDYKQGQAESGTIGGAKITEVIATRERTPYDVVLEMSDDPTKDPLLTAKLQSSRYEAHHPQAFLESYMSLLSMFSMNPALKLAHVHHHHHH,162,
14,protein,bad,6ke7_2,6ke7,MGDQPFIPPPQQTALTVNDHDEVTVWNAAPCPMLPRDQVYVRVEAVAINPSDTKMRGQFATPWAFLGTDYAGTVVAVGSDVTHIQVGDRVYGAQNEMCPRTPDQGAFSQYTVTRGRVWAKIPKGLSFEQAAALPAGISTAGLAMKLLGLPLPSPSADQPPTHSKPVYVLVYGGSTATATVTMQMLRLSGYIPIATCSPHNFDLAKSRGAEEVFDYRAPNLAQTIRTYTKNNLRYALDCITNVESTTFCFAAIGRAGGHYVSLNPFPEHAATRKMVTTDWTLGPTIFGEGSTWPAPYGRPGSEEERQFGEDLWRIAGQLVEDGRLVHHPLRVVQGGFDHIKQGMELVRKGELSGEKLVVRLEGPLEHHHHHH,43,
